t,t
q,q
moses,m
lol,lol
mo,mo
i,i
h,h
x,x
\,\
<credentials.Credentials object at 0x0000021EBF9581F0>
<credentials.Credentials object at 0x000002AC11B881C0>
<credentials.Credentials object at 0x0000022925A81CC0>
<credentials.Credentials object at 0x0000017D97441CF0>
<credentials.Credentials object at 0x0000027C68111C60>
<credentials.Credentials object at 0x00000225E5320220>
1,1
<credentials.Credentials object at 0x00000176951CC1C0>,<credentials.Credentials object at 0x00000176951CC220>,<credentials.Credentials object at 0x00000176951CC040>
<credentials.Credentials object at 0x00000214E14AC100>
